sequence,peptidoform,modifications,modification_details,posterior_error_probability,global_qvalue,is_decoy,calculated_mz,additional_scores,pg_accessions,pg_positions,unique,protein_global_qvalue,gg_accessions,gg_names,precursor_charge,observed_mz,rt,predicted_rt,quantmsio_version,reference_file_name,scan_number,ion_mobility,num_peaks,mz_array,intensity_array,rank,cv_params
VTIAQGGVLPNIQAVLLPK,VTIAQGGVLPNIQAVLLPK,,,0.0103795,0.0,0,966.0881,"[{'name': 'OpenMS', 'value': 0.0001662399840409615}]","['sp|P04908|H2A1B_HUMAN,sp|P0C0S8|H2A1_HUMAN,sp|P20671|H2A1D_HUMAN,sp|Q16777|H2A2C_HUMAN,sp|Q6FI13|H2A2A_HUMAN,sp|Q7L7L0|H2A3_HUMAN,sp|Q93077|H2A1C_HUMAN,sp|Q96KK5|H2A1H_HUMAN,sp|Q99878|H2A1J_HUMAN,sp|Q9BTM1|H2AJ_HUMAN']","['101:119' '101:119' '101:119' '101:119' '101:119' '101:119' '101:119'
 '101:119' '101:119' '101:119']",0,,,,2,966.09174,8493.755,,,Blank,16140,,,,,,
VTIAQGGVLPNIQAVLLPK,VTIAQGGVLPNIQAVLLPK,,,0.00010013,0.0,0,966.0881,"[{'name': 'OpenMS', 'value': 4.368338284116722e-05}]","['sp|P04908|H2A1B_HUMAN,sp|P0C0S8|H2A1_HUMAN,sp|P20671|H2A1D_HUMAN,sp|Q16777|H2A2C_HUMAN,sp|Q6FI13|H2A2A_HUMAN,sp|Q7L7L0|H2A3_HUMAN,sp|Q93077|H2A1C_HUMAN,sp|Q96KK5|H2A1H_HUMAN,sp|Q99878|H2A1J_HUMAN,sp|Q9BTM1|H2AJ_HUMAN']","['101:119' '101:119' '101:119' '101:119' '101:119' '101:119' '101:119'
 '101:119' '101:119' '101:119']",0,,,,2,966.0917,8385.162,,,Singlecell2,18243,,,,,,
VTIAQGGVLPNIQAVLLPK,VTIAQGGVLPNIQAVLLPK,,,0.000532035,0.0,0,966.0881,"[{'name': 'OpenMS', 'value': 4.368338284116722e-05}]","['sp|P04908|H2A1B_HUMAN,sp|P0C0S8|H2A1_HUMAN,sp|P20671|H2A1D_HUMAN,sp|Q16777|H2A2C_HUMAN,sp|Q6FI13|H2A2A_HUMAN,sp|Q7L7L0|H2A3_HUMAN,sp|Q93077|H2A1C_HUMAN,sp|Q96KK5|H2A1H_HUMAN,sp|Q99878|H2A1J_HUMAN,sp|Q9BTM1|H2AJ_HUMAN']","['101:119' '101:119' '101:119' '101:119' '101:119' '101:119' '101:119'
 '101:119' '101:119' '101:119']",0,,,,2,966.09235,8540.901,,,Singlecell4,17782,,,,,,
FDQLFDDESDPFEVLK,FDQLFDDESDPFEVLK,,,0.097539,0.009113187,0,972.4491,"[{'name': 'OpenMS', 'value': 0.006372143197611701}]",['sp|Q8NC51|PAIRB_HUMAN'],['17:32'],1,0.00048449612,,,2,972.4515,8715.665,,,100HeLacells,33387,,,,,,
DGNASGTTLLEALDCILPPTRPTDKPLR,DGNASGTTLLEALDC[Carbamidomethyl]ILPPTRPTDKPLR,['15-UNIMOD:4'],,7.88383e-08,0.0,0,1007.86066,"[{'name': 'OpenMS', 'value': 4.368338284116722e-05}]","['sp|P68104|EF1A1_HUMAN,sp|Q5VTE0|EF1A3_HUMAN']",['220:247' '220:247'],0,0.00048449612,,,3,1007.863,8614.799,,,Singlecell3,33651,,,,,,
DGNASGTTLLEALDCILPPTRPTDKPLR,DGNASGTTLLEALDC[Carbamidomethyl]ILPPTRPTDKPLR,['15-UNIMOD:4'],,2.3768e-05,0.0,0,1007.86066,"[{'name': 'OpenMS', 'value': 4.368338284116722e-05}]","['sp|P68104|EF1A1_HUMAN,sp|Q5VTE0|EF1A3_HUMAN']",['220:247' '220:247'],0,0.00048449612,,,3,1007.8649,8625.608,,,Singlecell4,17950,,,,,,
LFYADHPFIFLVR,LFYADHPFIFLVR,,,0.000254486,0.0,0,546.6328,"[{'name': 'OpenMS', 'value': 4.368338284116722e-05}]",['sp|P50454|SERPH_HUMAN'],['381:393'],1,0.00048449612,,,3,546.63586,8561.016,,,20HeLacells,32013,,,,,,
GVMLAVDAVIAELKK,GVMLAVDAVIAELKK,,,0.100064,0.005988024,0,778.95764,"[{'name': 'OpenMS', 'value': 0.006512210394489668}]",['sp|P10809|CH60_HUMAN'],['143:157'],1,0.00048449612,,,2,778.95917,8982.638,,,Singlecell3,20089,,,,,,
GHYTEGAELVDSVLDVVR,GHYTEGAELVDSVLDVVR,,,2.52112e-06,0.0,0,653.66547,"[{'name': 'OpenMS', 'value': 4.368338284116722e-05}]","['sp|P07437|TBB5_HUMAN,sp|P68371|TBB4B_HUMAN,sp|Q13509|TBB3_HUMAN,sp|Q13885|TBB2A_HUMAN,sp|Q9BVA1|TBB2B_HUMAN']",['104:121' '104:121' '104:121' '104:121' '104:121'],0,,,,3,653.66797,8370.111,,,Singlecell1,17545,,,,,,
GHYTEGAELVDSVLDVVR,GHYTEGAELVDSVLDVVR,,,0.00185762,0.0,0,653.66547,"[{'name': 'OpenMS', 'value': 4.368338284116722e-05}]","['sp|P07437|TBB5_HUMAN,sp|P68371|TBB4B_HUMAN,sp|Q13509|TBB3_HUMAN,sp|Q13885|TBB2A_HUMAN,sp|Q9BVA1|TBB2B_HUMAN']",['104:121' '104:121' '104:121' '104:121' '104:121'],0,,,,3,653.6672,8357.342,,,Singlecell2,18184,,,,,,
GHYTEGAELVDSVLDVVR,GHYTEGAELVDSVLDVVR,,,2.41634e-05,0.0,0,653.66547,"[{'name': 'OpenMS', 'value': 4.368338284116722e-05}]","['sp|P07437|TBB5_HUMAN,sp|P68371|TBB4B_HUMAN,sp|Q13509|TBB3_HUMAN,sp|Q13885|TBB2A_HUMAN,sp|Q9BVA1|TBB2B_HUMAN']",['104:121' '104:121' '104:121' '104:121' '104:121'],0,,,,3,653.6683,8871.854,,,Singlecell3,19822,,,,,,
GHYTEGAELVDSVLDVVR,GHYTEGAELVDSVLDVVR,,,1.33666e-06,0.0,0,653.66547,"[{'name': 'OpenMS', 'value': 4.368338284116722e-05}]","['sp|P07437|TBB5_HUMAN,sp|P68371|TBB4B_HUMAN,sp|Q13509|TBB3_HUMAN,sp|Q13885|TBB2A_HUMAN,sp|Q9BVA1|TBB2B_HUMAN']",['104:121' '104:121' '104:121' '104:121' '104:121'],0,,,,3,653.6673,8513.674,,,Singlecell4,17728,,,,,,
GHYTEGAELVDSVLDVVR,GHYTEGAELVDSVLDVVR,,,2.46994e-09,0.0,0,653.66547,"[{'name': 'OpenMS', 'value': 4.368338284116722e-05}]","['sp|P07437|TBB5_HUMAN,sp|P68371|TBB4B_HUMAN,sp|Q13509|TBB3_HUMAN,sp|Q13885|TBB2A_HUMAN,sp|Q9BVA1|TBB2B_HUMAN']",['104:121' '104:121' '104:121' '104:121' '104:121'],0,,,,3,653.66614,8570.702,,,20HeLacells,33478,,,,,,
GHYTEGAELVDSVLDVVR,GHYTEGAELVDSVLDVVR,,,2.46994e-09,0.0,0,653.66547,"[{'name': 'OpenMS', 'value': 4.368338284116722e-05}]","['sp|P07437|TBB5_HUMAN,sp|P68371|TBB4B_HUMAN,sp|Q13509|TBB3_HUMAN,sp|Q13885|TBB2A_HUMAN,sp|Q9BVA1|TBB2B_HUMAN']",['104:121' '104:121' '104:121' '104:121' '104:121'],0,,,,3,653.66614,8741.125,,,100HeLacells,33478,,,,,,
EQSILELGSLLAK,EQSILELGSLLAK,,,3.67476e-05,0.0,0,700.9034,"[{'name': 'OpenMS', 'value': 4.368338284116722e-05}]",['sp|O00231|PSD11_HUMAN'],['47:59'],1,0.00048449612,,,2,700.90485,8717.011,,,100HeLacells,33391,,,,,,
VTIAQGGVLPNIQAVLLPK,VTIAQGGVLPNIQAVLLPK,,,0.000397302,0.0,0,644.3945,"[{'name': 'OpenMS', 'value': 4.368338284116722e-05}]","['sp|P04908|H2A1B_HUMAN,sp|P0C0S8|H2A1_HUMAN,sp|P20671|H2A1D_HUMAN,sp|Q16777|H2A2C_HUMAN,sp|Q6FI13|H2A2A_HUMAN,sp|Q7L7L0|H2A3_HUMAN,sp|Q93077|H2A1C_HUMAN,sp|Q96KK5|H2A1H_HUMAN,sp|Q99878|H2A1J_HUMAN,sp|Q9BTM1|H2AJ_HUMAN']","['101:119' '101:119' '101:119' '101:119' '101:119' '101:119' '101:119'
 '101:119' '101:119' '101:119']",0,,,,3,644.3975,8572.374,,,Singlecell2,17797,,,,,,
VTIAQGGVLPNIQAVLLPK,VTIAQGGVLPNIQAVLLPK,,,0.000397302,0.0,0,644.3945,"[{'name': 'OpenMS', 'value': 4.368338284116722e-05}]","['sp|P04908|H2A1B_HUMAN,sp|P0C0S8|H2A1_HUMAN,sp|P20671|H2A1D_HUMAN,sp|Q16777|H2A2C_HUMAN,sp|Q6FI13|H2A2A_HUMAN,sp|Q7L7L0|H2A3_HUMAN,sp|Q93077|H2A1C_HUMAN,sp|Q96KK5|H2A1H_HUMAN,sp|Q99878|H2A1J_HUMAN,sp|Q9BTM1|H2AJ_HUMAN']","['101:119' '101:119' '101:119' '101:119' '101:119' '101:119' '101:119'
 '101:119' '101:119' '101:119']",0,,,,3,644.3975,8548.431,,,Singlecell4,17797,,,,,,
RQVLLSAAEAAEVILR,RQVLLSAAEAAEVILR,,,0.12011,0.009595613,0,580.344,"[{'name': 'OpenMS', 'value': 0.008377403252112885}]",['sp|P78371|TCPB_HUMAN'],['501:516'],1,0.00048449612,,,3,580.34717,8456.428,,,20HeLacells,31594,,,,,,
GSIFVVFDSIESAK,GSIFVVFDSIESAK,,,3.1379e-07,0.0,0,749.893,"[{'name': 'OpenMS', 'value': 4.368338284116722e-05}]",['sp|P05455|LA_HUMAN'],['152:165'],1,0.00048449612,,,2,749.89703,8555.591,,,20HeLacells,31991,,,,,,
DGNASGTTLLEALDCILPPTRPTDKPLR,DGNASGTTLLEALDC[Carbamidomethyl]ILPPTRPTDKPLR,['15-UNIMOD:4'],,2.14907e-06,0.0,0,756.1473,"[{'name': 'OpenMS', 'value': 4.368338284116722e-05}]","['sp|P68104|EF1A1_HUMAN,sp|Q5VTE0|EF1A3_HUMAN']",['220:247' '220:247'],0,0.00048449612,,,4,756.1492,8615.021,,,Singlecell1,33650,,,,,,
DGNASGTTLLEALDCILPPTRPTDKPLR,DGNASGTTLLEALDC[Carbamidomethyl]ILPPTRPTDKPLR,['15-UNIMOD:4'],,1.49355e-05,0.0,0,756.1473,"[{'name': 'OpenMS', 'value': 4.368338284116722e-05}]","['sp|P68104|EF1A1_HUMAN,sp|Q5VTE0|EF1A3_HUMAN']",['220:247' '220:247'],0,0.00048449612,,,4,756.15063,8462.265,,,Singlecell2,18402,,,,,,
DGNASGTTLLEALDCILPPTRPTDKPLR,DGNASGTTLLEALDC[Carbamidomethyl]ILPPTRPTDKPLR,['15-UNIMOD:4'],,0.00232983,0.0,0,756.1473,"[{'name': 'OpenMS', 'value': 4.368338284116722e-05}]","['sp|P68104|EF1A1_HUMAN,sp|Q5VTE0|EF1A3_HUMAN']",['220:247' '220:247'],0,0.00048449612,,,4,756.1503,8623.751,,,Singlecell4,17946,,,,,,
LPIVNEDDELVAIIAR,LPIVNEDDELVAIIAR,,,3.35226e-11,0.0,0,890.4962,"[{'name': 'OpenMS', 'value': 4.368338284116722e-05}]",['sp|P12268|IMDH2_HUMAN'],['209:224'],1,0.00048449612,,,2,890.4985,8717.378,,,100HeLacells,33392,,,,,,
IISSDRDLLAVVFYGTEK,IISSDRDLLAVVFYGTEK,,,0.000835284,0.0,0,676.0334,"[{'name': 'OpenMS', 'value': 4.368338284116722e-05}]",['sp|P12956|XRCC6_HUMAN'],['75:92'],1,0.00048449612,,,3,676.0344,8719.948,,,100HeLacells,33402,,,,,,
LQQELDDLLVDLDHQR,LQQELDDLLVDLDHQR,,,0.00178007,0.0,0,650.66907,"[{'name': 'OpenMS', 'value': 4.368338284116722e-05}]",['sp|P35579|MYH9_HUMAN'],['1418:1433'],1,0.00048449612,,,3,650.67126,8327.369,,,Singlecell4,17360,,,,,,
NFATSLYSMIK,NFATSLYSMIK,,,0.000166147,0.0,0,637.8261,"[{'name': 'OpenMS', 'value': 4.368338284116722e-05}]","['sp|P08758|ANXA5_HUMAN,sp|CONTAMINANT_P08758|CONTAMINANT_ANXA5_HUMAN']",['291:301' '290:300'],0,,,,2,637.82745,8723.008,,,100HeLacells,33415,,,,,,
GQSEDPGSLLSLFR,GQSEDPGSLLSLFR,,,1.455e-05,0.0,0,753.38336,"[{'name': 'OpenMS', 'value': 4.368338284116722e-05}]",['sp|P08195|4F2_HUMAN'],['511:524'],1,0.00048449612,,,2,753.3852,8760.964,,,100HeLacells,33549,,,,,,
SLDLDSIIAEVK,SLDLDSIIAEVK,,,0.0484114,0.0,0,651.8612,"[{'name': 'OpenMS', 'value': 0.002656434474616293}]","['sp|P04264|K2C1_HUMAN,sp|CONTAMINANT_Q5XQN5|CONTAMINANT_K2C5_BOVIN,sp|CONTAMINANT_P50446|CONTAMINANT_K2C6A_MOUSE,sp|CONTAMINANT_Q922U2|CONTAMINANT_K2C5_MOUSE,tr|CONTAMINANT_Q8BGZ7|CONTAMINANT_K2C75_MOUSE,sp|CONTAMINANT_P04264|CONTAMINANT_K2C1_HUMAN']",['344:355' '333:344' '316:327' '326:337' '314:325' '343:354'],0,,,,2,651.8637,8314.945,,,Blank,15832,,,,,,
SLDLDSIIAEVK,SLDLDSIIAEVK,,,0.00760036,0.0,0,651.8612,"[{'name': 'OpenMS', 'value': 0.0001371412898138307}]","['sp|P04264|K2C1_HUMAN,sp|CONTAMINANT_Q5XQN5|CONTAMINANT_K2C5_BOVIN,sp|CONTAMINANT_P50446|CONTAMINANT_K2C6A_MOUSE,sp|CONTAMINANT_Q922U2|CONTAMINANT_K2C5_MOUSE,tr|CONTAMINANT_Q8BGZ7|CONTAMINANT_K2C75_MOUSE,sp|CONTAMINANT_P04264|CONTAMINANT_K2C1_HUMAN']",['344:355' '333:344' '316:327' '326:337' '314:325' '343:354'],0,,,,2,651.865,8806.728,,,Singlecell3,19669,,,,,,
FLSQPFQVAEVFTGHMGK,FLSQPFQVAEVFTGHMGK,,,3.54518e-06,0.0,0,675.00836,"[{'name': 'OpenMS', 'value': 4.368338284116722e-05}]",['sp|P06576|ATPB_HUMAN'],['463:480'],1,0.00048449612,,,3,675.01196,8421.21,,,20HeLacells,31451,,,,,,
LIALLEVLSQKK,LIALLEVLSQKK,,,1.77632e-05,0.0,0,452.2938,"[{'name': 'OpenMS', 'value': 4.368338284116722e-05}]",['sp|P21333|FLNA_HUMAN'],['77:88'],1,0.00048449612,,,3,452.29593,8731.331,,,100HeLacells,33441,,,,,,
LIALLEVLSQKK,LIALLEVLSQKK,,,0.000309836,0.0,0,677.9371,"[{'name': 'OpenMS', 'value': 4.368338284116722e-05}]",['sp|P21333|FLNA_HUMAN'],['77:88'],1,0.00048449612,,,2,677.94,8731.942,,,100HeLacells,33443,,,,,,
TLAESALQLLYTAK,TLAESALQLLYTAK,,,1.12978e-07,0.0,0,761.4298,"[{'name': 'OpenMS', 'value': 4.368338284116722e-05}]",['sp|Q9Y490|TLN1_HUMAN'],['1767:1780'],1,0.00048449612,,,2,761.4341,8509.262,,,20HeLacells,31806,,,,,,
TLAESALQLLYTAK,TLAESALQLLYTAK,,,4.90547e-08,0.0,0,761.4298,"[{'name': 'OpenMS', 'value': 4.368338284116722e-05}]",['sp|Q9Y490|TLN1_HUMAN'],['1767:1780'],1,0.00048449612,,,2,761.43164,8760.229,,,100HeLacells,33547,,,,,,
LLLSTLTLLSK,LLLSTLTLLSK,,,0.00318657,0.00010459157,0,601.39197,"[{'name': 'OpenMS', 'value': 7.215267506042787e-05}]",['sp|Q96EK6|GNA1_HUMAN'],['136:146'],1,0.00048449612,,,2,601.39246,8742.839,,,100HeLacells,33486,,,,,,
ALTLGALTLPLAR,ALTLGALTLPLAR,,,0.0105694,0.0,0,655.41376,"[{'name': 'OpenMS', 'value': 0.0001983864568178812}]",['sp|Q9BSJ8|ESYT1_HUMAN'],['551:563'],1,0.00048449612,,,2,655.41705,8484.072,,,20HeLacells,31705,,,,,,
GFGFILFK,GFGFILFK,,,0.0404971,0.0010400416,0,464.7682,"[{'name': 'OpenMS', 'value': 0.00191654802321761}]",['sp|Q99729|ROAA_HUMAN'],['111:118'],1,0.00048449612,,,2,464.76956,8462.1045,,,Singlecell1,17730,,,,,,
GFGFILFK,GFGFILFK,,,0.00555459,0.0,0,464.7682,"[{'name': 'OpenMS', 'value': 7.215267506042787e-05}]",['sp|Q99729|ROAA_HUMAN'],['111:118'],1,0.00048449612,,,2,464.77048,8608.417,,,Singlecell2,32011,,,,,,
GFGFILFK,GFGFILFK,,,0.051365,0.0006841505,0,464.7682,"[{'name': 'OpenMS', 'value': 0.002873410312350343}]",['sp|Q99729|ROAA_HUMAN'],['111:118'],1,0.00048449612,,,2,464.7696,8600.016,,,Singlecell4,17899,,,,,,
GFGFILFK,GFGFILFK,,,0.00555459,0.0,0,464.7682,"[{'name': 'OpenMS', 'value': 7.215267506042787e-05}]",['sp|Q99729|ROAA_HUMAN'],['111:118'],1,0.00048449612,,,2,464.77048,8560.54,,,20HeLacells,32011,,,,,,
GFGFILFK,GFGFILFK,,,0.0240736,0.0012199372,0,464.7682,"[{'name': 'OpenMS', 'value': 0.0009923240813705747}]",['sp|Q99729|ROAA_HUMAN'],['111:118'],1,0.00048449612,,,2,464.76852,8813.414,,,100HeLacells,33704,,,,,,
LCYVALDFEQEMATAASSSSLEK,LC[Carbamidomethyl]YVALDFEQEMATAASSSSLEK,['2-UNIMOD:4'],,7.14891e-08,0.0,0,1275.5906,"[{'name': 'OpenMS', 'value': 4.368338284116722e-05}]","['sp|P60709|ACTB_HUMAN,sp|P63261|ACTG_HUMAN,sp|Q6S8J3|POTEE_HUMAN']",['216:238' '216:238' '916:938'],0,,,,2,1275.5962,8466.968,,,Singlecell4,17635,,,,,,
IEVPLYSLLEQTHLK,IEVPLYSLLEQTHLK,,,7.76019e-05,0.0,0,595.0049,"[{'name': 'OpenMS', 'value': 4.368338284116722e-05}]",['sp|Q92598|HS105_HUMAN'],['317:331'],1,0.00048449612,,,3,595.0067,8762.801,,,100HeLacells,33555,,,,,,
ELLPVLISAMK,ELLPVLISAMK,,,6.58663e-05,0.0,0,607.36487,"[{'name': 'OpenMS', 'value': 4.368338284116722e-05}]",['sp|P18206|VINC_HUMAN'],['200:210'],1,0.00048449612,,,2,607.36633,8761.943,,,100HeLacells,33552,,,,,,
AGKPVICATQMLESMIK,AGKPVIC[Carbamidomethyl]ATQMLESMIK,['7-UNIMOD:4'],,4.9688e-08,0.0,0,626.32794,"[{'name': 'OpenMS', 'value': 4.368338284116722e-05}]",['sp|P14618|KPYM_HUMAN'],['320:336'],1,0.00048449612,,,3,626.3284,8667.111,,,100HeLacells,33231,,,,,,
LTTPTYGDLNHLVSATMSGVTTCLR,LTTPTYGDLNHLVSATMSGVTTC[Carbamidomethyl]LR,['23-UNIMOD:4'],,0.000313476,0.0,0,903.4509,"[{'name': 'OpenMS', 'value': 4.368338284116722e-05}]","['sp|P04350|TBB4A_HUMAN,sp|P07437|TBB5_HUMAN,sp|P68371|TBB4B_HUMAN,sp|Q13885|TBB2A_HUMAN,sp|Q9BVA1|TBB2B_HUMAN']",['217:241' '217:241' '217:241' '217:241' '217:241'],0,,,,3,903.45465,8499.443,,,Singlecell4,17700,,,,,,
LTTPTYGDLNHLVSATMSGVTTCLR,LTTPTYGDLNHLVSATMSGVTTC[Carbamidomethyl]LR,['23-UNIMOD:4'],,2.90912e-08,0.0,0,903.4509,"[{'name': 'OpenMS', 'value': 4.368338284116722e-05}]","['sp|P04350|TBB4A_HUMAN,sp|P07437|TBB5_HUMAN,sp|P68371|TBB4B_HUMAN,sp|Q13885|TBB2A_HUMAN,sp|Q9BVA1|TBB2B_HUMAN']",['217:241' '217:241' '217:241' '217:241' '217:241'],0,,,,3,903.452,8719.581,,,100HeLacells,33400,,,,,,
DSTLIMQLLR,DSTLIMQLLR,,,0.0142214,0.0,0,595.3341,"[{'name': 'OpenMS', 'value': 0.0004017429463209617}]","['sp|P27348|1433T_HUMAN,sp|P31946|1433B_HUMAN,sp|P31947|1433S_HUMAN,sp|P61981|1433G_HUMAN,sp|P62258|1433E_HUMAN,sp|P63104|1433Z_HUMAN,sp|Q04917|1433F_HUMAN']",['213:222' '215:224' '215:224' '218:227' '216:225' '213:222' '218:227'],0,,,,2,595.3357,8382.329,,,Singlecell2,18237,,,,,,
DSTLIMQLLR,DSTLIMQLLR,,,0.00421726,0.0,0,595.3341,"[{'name': 'OpenMS', 'value': 7.215267506042787e-05}]","['sp|P27348|1433T_HUMAN,sp|P31946|1433B_HUMAN,sp|P31947|1433S_HUMAN,sp|P61981|1433G_HUMAN,sp|P62258|1433E_HUMAN,sp|P63104|1433Z_HUMAN,sp|Q04917|1433F_HUMAN']",['213:222' '215:224' '215:224' '218:227' '216:225' '213:222' '218:227'],0,,,,2,595.3364,8880.992,,,Singlecell3,19844,,,,,,
VISGVLQLGNIVFK,VISGVLQLGNIVFK,,,0.000202351,0.0,0,743.95325,"[{'name': 'OpenMS', 'value': 4.368338284116722e-05}]",['sp|P35579|MYH9_HUMAN'],['342:355'],1,0.00048449612,,,2,743.95416,8890.398,,,Singlecell3,19866,,,,,,
VISGVLQLGNIVFK,VISGVLQLGNIVFK,,,1.10201e-05,0.0,0,743.95325,"[{'name': 'OpenMS', 'value': 4.368338284116722e-05}]",['sp|P35579|MYH9_HUMAN'],['342:355'],1,0.00048449612,,,2,743.95605,8593.928,,,Singlecell4,17887,,,,,,
VNPTVFFDIAVDGEPLGR,VNPTVFFDIAVDGEPLGR,,,0.0738295,0.001875293,0,973.5045,"[{'name': 'OpenMS', 'value': 0.004837132712396439}]","['sp|P62937|PPIA_HUMAN,sp|CONTAMINANT_P62937|CONTAMINANT_PPIA_HUMAN']",['2:19' '1:18'],0,,,,2,973.50903,8501.406,,,Singlecell1,17810,,,,,,
VNPTVFFDIAVDGEPLGR,VNPTVFFDIAVDGEPLGR,,,0.000331695,0.0,0,973.5045,"[{'name': 'OpenMS', 'value': 4.368338284116722e-05}]","['sp|P62937|PPIA_HUMAN,sp|CONTAMINANT_P62937|CONTAMINANT_PPIA_HUMAN']",['2:19' '1:18'],0,,,,2,973.5087,8635.207,,,Singlecell4,17969,,,,,,
KEGGLGPLNIPLLADVTR,KEGGLGPLNIPLLADVTR,,,1.27732e-07,0.0,0,621.6948,"[{'name': 'OpenMS', 'value': 4.368338284116722e-05}]",['sp|P32119|PRDX2_HUMAN'],['92:109'],1,0.00048449612,,,3,621.69635,8761.576,,,100HeLacells,33551,,,,,,
ILGLLDAYLK,ILGLLDAYLK,,,0.00696218,0.0,0,559.8446,"[{'name': 'OpenMS', 'value': 0.0001371412898138307}]",['sp|P26641|EF1G_HUMAN'],['138:147'],1,0.00048449612,,,2,559.84796,8875.563,,,Singlecell3,19831,,,,,,
ILGLLDAYLK,ILGLLDAYLK,,,0.000336243,0.0,0,559.8446,"[{'name': 'OpenMS', 'value': 4.368338284116722e-05}]",['sp|P26641|EF1G_HUMAN'],['138:147'],1,0.00048449612,,,2,559.8461,8506.868,,,Singlecell4,17714,,,,,,
ILGLLDAYLK,ILGLLDAYLK,,,6.13506e-05,0.0,0,559.8446,"[{'name': 'OpenMS', 'value': 4.368338284116722e-05}]",['sp|P26641|EF1G_HUMAN'],['138:147'],1,0.00048449612,,,2,559.8453,8748.961,,,100HeLacells,33510,,,,,,
LCYVALDFEQEMATAASSSSLEK,LC[Carbamidomethyl]YVALDFEQEMATAASSSSLEK,['2-UNIMOD:4'],,3.88507e-06,0.0,0,850.7295,"[{'name': 'OpenMS', 'value': 4.368338284116722e-05}]","['sp|P60709|ACTB_HUMAN,sp|P63261|ACTG_HUMAN,sp|Q6S8J3|POTEE_HUMAN']",['216:238' '216:238' '916:938'],0,,,,3,850.7327,8464.905,,,Singlecell4,17631,,,,,,
DICNDVLSLLEK,DIC[Carbamidomethyl]NDVLSLLEK,['3-UNIMOD:4'],,0.00590582,0.0,0,709.8634,"[{'name': 'OpenMS', 'value': 7.215267506042787e-05}]",['sp|P63104|1433Z_HUMAN'],['92:103'],1,0.00048449612,,,2,709.86566,8493.84,,,Singlecell2,18466,,,,,,
LASDLLEWIR,LASDLLEWIR,,,8.31327e-05,0.0,0,608.3403,"[{'name': 'OpenMS', 'value': 4.368338284116722e-05}]","['sp|O43707|ACTN4_HUMAN,sp|P12814|ACTN1_HUMAN']",['301:310' '282:291'],0,,,,2,608.3437,8491.295,,,20HeLacells,31734,,,,,,
LASDLLEWIR,LASDLLEWIR,,,1.16274e-05,0.0,0,608.3403,"[{'name': 'OpenMS', 'value': 4.368338284116722e-05}]","['sp|O43707|ACTN4_HUMAN,sp|P12814|ACTN1_HUMAN']",['301:310' '282:291'],0,,,,2,608.3419,8759.861,,,100HeLacells,33546,,,,,,
GLGTDEESILTLLTSR,GLGTDEESILTLLTSR,,,4.20496e-06,0.0,0,852.95435,"[{'name': 'OpenMS', 'value': 4.368338284116722e-05}]","['sp|P08758|ANXA5_HUMAN,sp|CONTAMINANT_P08758|CONTAMINANT_ANXA5_HUMAN']",['30:45' '29:44'],0,,,,2,852.95905,8657.442,,,20HeLacells,32395,,,,,,
TVPFCSTFAAFFTR,TVPFC[Carbamidomethyl]STFAAFFTR,['5-UNIMOD:4'],,7.47187e-06,0.0,0,826.4005,"[{'name': 'OpenMS', 'value': 4.368338284116722e-05}]",['sp|P29401|TKT_HUMAN'],['382:395'],1,0.00048449612,,,2,826.40283,8732.819,,,Singlecell3,18203,,,,,,
TVPFCSTFAAFFTR,TVPFC[Carbamidomethyl]STFAAFFTR,['5-UNIMOD:4'],,7.47187e-06,0.0,0,826.4005,"[{'name': 'OpenMS', 'value': 4.368338284116722e-05}]",['sp|P29401|TKT_HUMAN'],['382:395'],1,0.00048449612,,,2,826.40283,8754.9795,,,Singlecell4,18203,,,,,,
TVPFCSTFAAFFTR,TVPFC[Carbamidomethyl]STFAAFFTR,['5-UNIMOD:4'],,1.48906e-05,0.0,0,826.4005,"[{'name': 'OpenMS', 'value': 4.368338284116722e-05}]",['sp|P29401|TKT_HUMAN'],['382:395'],1,0.00048449612,,,2,826.4051,8688.256,,,20HeLacells,32517,,,,,,
LTTDFNVIVEALSK,LTTDFNVIVEALSK,,,0.00233697,0.0,0,775.42725,"[{'name': 'OpenMS', 'value': 4.368338284116722e-05}]",['sp|P05455|LA_HUMAN'],['61:74'],1,0.00048449612,,,2,775.4303,8848.367,,,100HeLacells,33805,,,,,,
AVSSAIAQLLGEVAQGNENYAGIAAR,AVSSAIAQLLGEVAQGNENYAGIAAR,,,1.14419e-06,0.0,0,858.4488,"[{'name': 'OpenMS', 'value': 4.368338284116722e-05}]",['sp|Q9Y490|TLN1_HUMAN'],['1097:1122'],1,0.00048449612,,,3,858.45245,8847.14,,,100HeLacells,33801,,,,,,
SALSGHLETVILGLLK,SALSGHLETVILGLLK,,,1.0203e-08,0.0,0,825.9931,"[{'name': 'OpenMS', 'value': 4.368338284116722e-05}]","['sp|A6NMY6|AXA2L_HUMAN,sp|P07355|ANXA2_HUMAN']",['89:104' '89:104'],0,,,,2,825.9957,8807.471,,,20HeLacells,32993,,,,,,
VGWEQLLTTIAR,VGWEQLLTTIAR,,,0.00810558,0.00029205607,0,693.8906,"[{'name': 'OpenMS', 'value': 0.0001371412898138307}]","['sp|O43707|ACTN4_HUMAN,sp|P12814|ACTN1_HUMAN']",['734:745' '715:726'],0,,,,2,693.89215,8692.6045,,,Singlecell4,18081,,,,,,
VGWEQLLTTIAR,VGWEQLLTTIAR,,,2.24723e-06,0.0,0,693.8906,"[{'name': 'OpenMS', 'value': 4.368338284116722e-05}]","['sp|O43707|ACTN4_HUMAN,sp|P12814|ACTN1_HUMAN']",['734:745' '715:726'],0,,,,2,693.8939,8845.791,,,100HeLacells,33797,,,,,,
VIHDNFGIVEGLMTTVHAITATQK,VIHDNFGIVEGLMTTVHAITATQK,,,0.116785,0.0027560864,0,865.7915,"[{'name': 'OpenMS', 'value': 0.008123235425231561}]",['sp|P04406|G3P_HUMAN'],['163:186'],1,0.00048449612,,,3,865.79034,8699.153,,,Singlecell1,18210,,,,,,
VIHDNFGIVEGLMTTVHAITATQK,VIHDNFGIVEGLMTTVHAITATQK,,,2.40883e-14,0.0,0,865.7915,"[{'name': 'OpenMS', 'value': 4.368338284116722e-05}]",['sp|P04406|G3P_HUMAN'],['163:186'],1,0.00048449612,,,3,865.79535,8808.569,,,Singlecell3,32912,,,,,,
VIHDNFGIVEGLMTTVHAITATQK,VIHDNFGIVEGLMTTVHAITATQK,,,4.85351e-05,0.0,0,865.7915,"[{'name': 'OpenMS', 'value': 4.368338284116722e-05}]",['sp|P04406|G3P_HUMAN'],['163:186'],1,0.00048449612,,,3,865.793,8848.273,,,Singlecell4,18379,,,,,,
VIHDNFGIVEGLMTTVHAITATQK,VIHDNFGIVEGLMTTVHAITATQK,,,2.40883e-14,0.0,0,865.7915,"[{'name': 'OpenMS', 'value': 4.368338284116722e-05}]",['sp|P04406|G3P_HUMAN'],['163:186'],1,0.00048449612,,,3,865.79535,8787.107,,,20HeLacells,32912,,,,,,
SALSGHLETVILGLLK,SALSGHLETVILGLLK,,,1.25548e-05,0.0,0,550.9978,"[{'name': 'OpenMS', 'value': 4.368338284116722e-05}]","['sp|A6NMY6|AXA2L_HUMAN,sp|P07355|ANXA2_HUMAN']",['89:104' '89:104'],0,,,,3,550.9997,8711.759,,,Singlecell1,18236,,,,,,
SALSGHLETVILGLLK,SALSGHLETVILGLLK,,,1.15426e-05,0.0,0,550.9978,"[{'name': 'OpenMS', 'value': 4.368338284116722e-05}]","['sp|A6NMY6|AXA2L_HUMAN,sp|P07355|ANXA2_HUMAN']",['89:104' '89:104'],0,,,,3,550.9996,8825.009,,,Singlecell2,32991,,,,,,
SALSGHLETVILGLLK,SALSGHLETVILGLLK,,,0.000969606,0.0,0,550.9978,"[{'name': 'OpenMS', 'value': 4.368338284116722e-05}]","['sp|A6NMY6|AXA2L_HUMAN,sp|P07355|ANXA2_HUMAN']",['89:104' '89:104'],0,,,,3,550.9983,8866.462,,,Singlecell4,18411,,,,,,
SALSGHLETVILGLLK,SALSGHLETVILGLLK,,,1.15426e-05,0.0,0,550.9978,"[{'name': 'OpenMS', 'value': 4.368338284116722e-05}]","['sp|A6NMY6|AXA2L_HUMAN,sp|P07355|ANXA2_HUMAN']",['89:104' '89:104'],0,,,,3,550.9996,8806.896,,,20HeLacells,32991,,,,,,
LIALLEVLSQK,LIALLEVLSQK,,,0.00267132,0.0,0,613.8896,"[{'name': 'OpenMS', 'value': 7.215267506042787e-05}]","['sp|O75369|FLNB_HUMAN,sp|P21333|FLNA_HUMAN,sp|Q14315|FLNC_HUMAN']",['50:60' '77:87' '70:80'],0,,,,2,613.8912,8964.3125,,,Singlecell3,20045,,,,,,
LIALLEVLSQK,LIALLEVLSQK,,,0.00120387,0.0,0,613.8896,"[{'name': 'OpenMS', 'value': 4.368338284116722e-05}]","['sp|O75369|FLNB_HUMAN,sp|P21333|FLNA_HUMAN,sp|Q14315|FLNC_HUMAN']",['50:60' '77:87' '70:80'],0,,,,2,613.8907,8758.802,,,Singlecell4,18208,,,,,,
LIALLEVLSQK,LIALLEVLSQK,,,7.77869e-05,0.0,0,613.8896,"[{'name': 'OpenMS', 'value': 4.368338284116722e-05}]","['sp|O75369|FLNB_HUMAN,sp|P21333|FLNA_HUMAN,sp|Q14315|FLNC_HUMAN']",['50:60' '77:87' '70:80'],0,,,,2,613.8924,8693.505,,,20HeLacells,32538,,,,,,
SGETEDTFIADLVVGLCTGQIK,SGETEDTFIADLVVGLC[Carbamidomethyl]TGQIK,['17-UNIMOD:4'],,2.66264e-09,0.0,0,1177.0833,"[{'name': 'OpenMS', 'value': 4.368338284116722e-05}]","['sp|P06733|ENOA_HUMAN,sp|P09104|ENOG_HUMAN,sp|P13929|ENOB_HUMAN']",['373:394' '373:394' '373:394'],0,,,,2,1177.0891,8787.681,,,20HeLacells,32914,,,,,,
TSFFQALGITTK,TSFFQALGITTK,,,2.40908e-06,0.0,0,657.35864,"[{'name': 'OpenMS', 'value': 4.368338284116722e-05}]","['sp|P05388|RLA0_HUMAN,sp|Q8NHW5|RLA0L_HUMAN']",['135:146' '135:146'],0,,,,2,657.35846,8669.557,,,100HeLacells,33239,,,,,,
VIHDNFGIVEGLMTTVHAITATQK,VIHDNFGIVEGLMTTVHAITATQK,,,2.00447e-06,0.0,0,649.59546,"[{'name': 'OpenMS', 'value': 4.368338284116722e-05}]",['sp|P04406|G3P_HUMAN'],['163:186'],1,0.00048449612,,,4,649.59845,8787.395,,,20HeLacells,32913,,,,,,
NMAEQIIQEIYSQIQSK,NMAEQIIQEIYSQIQSK,,,6.51906e-05,0.0,0,675.0103,"[{'name': 'OpenMS', 'value': 4.368338284116722e-05}]",['sp|P29401|TKT_HUMAN'],['265:281'],1,0.00048449612,,,3,675.01154,8895.207,,,20HeLacells,33319,,,,,,
LISQIVSSITASLR,LISQIVSSITASLR,,,2.75381e-06,0.0,0,744.44324,"[{'name': 'OpenMS', 'value': 4.368338284116722e-05}]","['sp|P68363|TBA1B_HUMAN,sp|P68366|TBA4A_HUMAN,sp|Q9BQE3|TBA1C_HUMAN,sp|Q9NY65|TBA8_HUMAN,sp|Q9H853|TBA4B_HUMAN']",['230:243' '230:243' '230:243' '230:243' '169:182'],0,,,,2,744.44586,8748.024,,,20HeLacells,32755,,,,,,
ALLFVPR,ALLFVPR,,,0.0298831,0.00035880876,0,408.26053,"[{'name': 'OpenMS', 'value': 0.001335265206397909}]",['sp|P07900|HS90A_HUMAN'],['339:345'],1,0.00048449612,,,2,408.2627,8342.743,,,Singlecell3,18601,,,,,,
MELITILEK,[Acetyl]-MELITILEK,['0-UNIMOD:1'],,0.0288495,0.0014612343,0,566.3201,"[{'name': 'OpenMS', 'value': 0.001257142857142857}]",['sp|Q14974|IMB1_HUMAN'],['1:9'],1,0.00048449612,,,2,566.3198,8957.259,,,100HeLacells,34122,,,,,,
IIVLGLLPR,IIVLGLLPR,,,0.000312087,0.0,0,497.3446,"[{'name': 'OpenMS', 'value': 4.368338284116722e-05}]",['sp|P68402|PA1B2_HUMAN'],['134:142'],1,0.00048449612,,,2,497.34558,8655.624,,,100HeLacells,33192,,,,,,
DLVVLLFETALLSSGFSLEDPQTHSNR,DLVVLLFETALLSSGFSLEDPQTHSNR,,,0.0490109,0.0028342574,0,996.84863,"[{'name': 'OpenMS', 'value': 0.002704439565147539}]",['sp|P08238|HS90B_HUMAN'],['653:679'],1,0.00048449612,,,3,996.8527,8998.67,,,20HeLacells,33698,,,,,,
MFLVNSFLK,[Acetyl]-MFLVNSFLK,['0-UNIMOD:1'],,0.026455,0.0012114686,0,570.80975,"[{'name': 'OpenMS', 'value': 0.001040191857609292}]",['sp|P04632|CPNS1_HUMAN'],['1:9'],1,0.00048449612,,,2,570.8129,8984.484,,,20HeLacells,33641,,,,,,
LVLNPSAININFNLILLLLLELLMAATVIIAAR,LVLNPSAININFNLILLLLLELLMAATVIIAAR,,,3.73661e-06,0.0,0,1787.0826,"[{'name': 'OpenMS', 'value': 4.368338284116722e-05}]",['sp|Q15049|MLC1_HUMAN'],['133:165'],1,0.00048449612,,,2,1787.0801,9075.135,,,Singlecell2,19594,,,,,,
TVLDLAVVLFETATLR,TVLDLAVVLFETATLR,,,0.0120299,0.00015069319,0,587.67676,"[{'name': 'OpenMS', 'value': 0.0002867246487623052}]",['sp|P14625|ENPL_HUMAN'],['709:724'],1,0.00048449612,,,3,587.67847,9008.352,,,20HeLacells,33737,,,,,,
TVLDLAVVLFETATLR,TVLDLAVVLFETATLR,,,6.51866e-10,0.0,0,881.0115,"[{'name': 'OpenMS', 'value': 4.368338284116722e-05}]",['sp|P14625|ENPL_HUMAN'],['709:724'],1,0.00048449612,,,2,881.01154,8987.359,,,100HeLacells,34210,,,,,,
TALLDAAGVASLLTTAEVVVTEIPK,TALLDAAGVASLLTTAEVVVTEIPK,,,4.68241e-10,0.0,0,828.1387,"[{'name': 'OpenMS', 'value': 4.368338284116722e-05}]",['sp|P10809|CH60_HUMAN'],['527:551'],1,0.00048449612,,,3,828.1409,9001.367,,,100HeLacells,34247,,,,,,
TALLDAAGVASLLTTAEVVVTEIPK,TALLDAAGVASLLTTAEVVVTEIPK,,,5.38407e-06,0.0,0,1241.7043,"[{'name': 'OpenMS', 'value': 4.368338284116722e-05}]",['sp|P10809|CH60_HUMAN'],['527:551'],1,0.00048449612,,,2,1241.7075,9000.999,,,100HeLacells,34246,,,,,,
VGAGAPVYLAAVLEYLTAEILELAGNAAR,VGAGAPVYLAAVLEYLTAEILELAGNAAR,,,2.47781e-08,0.0,0,972.53406,"[{'name': 'OpenMS', 'value': 4.368338284116722e-05}]","['sp|P04908|H2A1B_HUMAN,sp|P0C0S8|H2A1_HUMAN,sp|P16104|H2AX_HUMAN,sp|P20671|H2A1D_HUMAN,sp|Q7L7L0|H2A3_HUMAN,sp|Q8IUE6|H2A2B_HUMAN,sp|Q93077|H2A1C_HUMAN,sp|Q96KK5|H2A1H_HUMAN,sp|Q99878|H2A1J_HUMAN,sp|Q9BTM1|H2AJ_HUMAN']","['44:72' '44:72' '44:72' '44:72' '44:72' '44:72' '44:72' '44:72' '44:72'
 '44:72']",0,,,,3,972.53815,9107.571,,,100HeLacells,34576,,,,,,
FEVGDIMLIR,FEVGDIMLIR,,,0.000299463,0.0,0,596.82336,"[{'name': 'OpenMS', 'value': 4.368338284116722e-05}]",['sp|P00491|PNPH_HUMAN'],['124:133'],1,0.00048449612,,,2,596.8236,8666.256,,,100HeLacells,33228,,,,,,
ACPLDQAIGLLVAIFHK,[Acetyl]-AC[Carbamidomethyl]PLDQAIGLLVAIFHK,['0-UNIMOD:1' '2-UNIMOD:4'],,0.000590219,0.0,0,954.52423,"[{'name': 'OpenMS', 'value': 4.368338284116722e-05}]",['sp|P06703|S10A6_HUMAN'],['2:18'],1,0.00048449612,,,2,954.52924,9321.862,,,20HeLacells,34975,,,,,,
ACPLDQAIGLLVAIFHK,[Acetyl]-AC[Carbamidomethyl]PLDQAIGLLVAIFHK,['0-UNIMOD:1' '2-UNIMOD:4'],,0.00172152,0.0,0,954.52423,"[{'name': 'OpenMS', 'value': 4.368338284116722e-05}]",['sp|P06703|S10A6_HUMAN'],['2:18'],1,0.00048449612,,,2,955.0301,9128.595,,,100HeLacells,34638,,,,,,
